{
  "FF1DAE62454312FCE09A39061999C26FD26440FDA5F36C1E6424290A34D05B08": {
    "Description": "v2020.11.17s (Release 2)",
    "AmongUsClientOffset": 21216924,
    "GameDataOffset": 21217080,
    "MeetingHudOffset": 21216180,
    "GameStartManagerOffset": 20552656,
    "HudManagerOffset": 17173184,
    "ServerManagerOffset": 20511952,
    "TempDataOffset": 0x143B7AC
  },
  "38119B8551718D9016BAFEEDC105610D5B3AED5B0036D1A6060B8E2ABE523C02": {
    "Description": "v2020.11.17s (Release 1)",
    "AmongUsClientOffset": 21703836,
    "GameDataOffset": 21704348,
    "MeetingHudOffset": 21703292,
    "GameStartManagerOffset": 20546524,
    "HudManagerOffset": 20494844,
    "ServerManagerOffset": 20505884,
    "TempDataOffset": 0x143B7AC
  },
  "5AB7B3419ED29AF0728E66AE8F1A207AEDD6456280128060FEDF74621B287BE6": {
    "Description": "v2020.12.3s",
    "AmongUsClientOffset": 0x193C154,
    "GameDataOffset": 0x193C054,
    "MeetingHudOffset": 0x193BA9C,
    "GameStartManagerOffset": 0x1858970,
    "HudManagerOffset": 0x1849100,
    "ServerManagerOffset": 0x184C230,
    "TempDataOffset": 0x193C018
  },
  "9BD96553424D3313700E4CB06F0FFECA346B96F731DA57C00F6B78BC3CE81902": {
    "Description": "v2020.12.5s",
    "AmongUsClientOffset": 0x1BE1074,
    "GameDataOffset": 0x1BE0BB8,
    "MeetingHudOffset": 0x1BE0CB4,
    "GameStartManagerOffset": 0x1B5AB00,
    "HudManagerOffset": 0x1B4A0F0,
    "ServerManagerOffset": 0x1B4D7F0,
    "TempDataOffset": 0x1BE10BC,
    "GameOptionsOffset": 0x1BE11CC,
  },
  "1393240B74D9E27741E7FBA13D67C843E5CE0C3D0EF7ABBEE24179CB97C29918": {
    "Description": "v2020.11.17i",
    "AmongUsClientOffset": 0x11FB384,
    "GameDataOffset": 0x11FB5D8,
    "MeetingHudOffset": 0x11FB2FC,
    "GameStartManagerOffset": 0x117990D0,
    "HudManagerOffset": 0x117996A0,
    "ServerManagerOffset": 0x11799C70,
    "TempDataOffset": 0x11FB564,
    "GameOptionsOffset": 0x11FB684,
    "MeetingHudPtr": [0x11FB2FC, 0x5c, 0x0],
    "MeetingHudCachePtrOffsets": [0x8],
    "MeetingHudStateOffsets": [0x84],
    "GameStateOffsets": [0x11FB384, 0x5c, 0x0, 0x64],
    "AllPlayerPtrOffsets": [0x11FB5D8, 0x5c, 0x0, 0x24],
    "AllPlayersOffsets": [0x8],
    "PlayerCountOffsets": [0xc],
    "ExiledPlayerIdOffsets": [0x11FB2FC, 0x5c, 0x0, 0x94, 0x8],
    "RawGameOverReasonOffsets": [0x11FB564, 0x5c, 0x4],
    "WinningPlayersPtrOffsets": [0x11FB564, 0x5c, 0xc],
    "WinningPlayersOffsets": [0x8],
    "WinningPlayerCountOffsets": [0xc],
    "GameCodeOffsets": [0x117990D0, 0x5c, 0x0, 0x20, 0x28],
    "PlayRegionOffsets": [0x11799C70, 0x5c, 0x0, 0x10, 0x8, 0x8],
    "PlayMapOffsets": [0x11FB684, 0x5c, 0x4, 0x10],
    "StringOffsets": [0x8, 0xC],
    "isEpic": false,
    "AddPlayerPtr": 4,
    "PlayerListPtr": 0x10
  },  
  "0B010BD3195D39C089DC018D834B2EBD26BA67D2F49C4EBEA608A804FC0975B7": {
    "Description": "v2020.12.9s",
    "AmongUsClientOffset": 0x1c57f54,
    "GameDataOffset": 0x1c57be8,
    "MeetingHudOffset": 0x1c573a4,
    "GameStartManagerOffset": 0x1af20fc,
    "HudManagerOffset": 0x1ae16ec,
    "ServerManagerOffset": 0x1ae4dec,
    "TempDataOffset": 0x1c58048,
    "GameOptionsOffset": 0x1c57f7c,
    "MeetingHudPtr": [0x1c573a4,0x5c,0x0],
    "MeetingHudCachePtrOffsets": [0x8],
    "MeetingHudStateOffsets": [0x84],
    "GameStateOffsets": [0x1c57f54,0x5c,0x0,0x64],
    "AllPlayerPtrOffsets": [0x1c57be8,0x5c,0x0,0x24],
    "AllPlayersOffsets": [0x8],
    "PlayerCountOffsets": [0xc],
    "ExiledPlayerIdOffsets": [0x1c573a4,0x5c,0x0,0x94,0x8],
    "RawGameOverReasonOffsets": [0x1c58048,0x5c,0x4],
    "WinningPlayersPtrOffsets": [0x1c58048,0x5c,0xc],
    "WinningPlayersOffsets": [0x8],
    "WinningPlayerCountOffsets": [0xc],
    "GameCodeOffsets": [0x1af20fc,0x5c,0x0,0x20,0x28],
    "PlayRegionOffsets": [0x1ae4dec,0x5c,0x0,0x10,0x8,0x8],
    "PlayMapOffsets": [0x1c57f7c,0x5c,0x4,0x10],
    "StringOffsets": [0x8, 0xC],
    "isEpic": false,
    "AddPlayerPtr": 4,
    "PlayerListPtr": 0x10
  },
  "4BFEB19A37634C94017824F0D71B1C4651173C4B9242FF4EF6FAFFA593DFD91D": {
    "Description": "v2020.12.9 (Epic Games)",
    "AmongUsClientOffset": 0x2651EC0,
    "GameDataOffset": 0x2651450,
    "MeetingHudOffset": 0x2651EE8,
    "GameStartManagerOffset": 0x2552940,
    "HudManagerOffset": 0x1ae16ec,
    "ServerManagerOffset": 0x2536FE0,
    "TempDataOffset": 0x264D5F8,
    "GameOptionsOffset": 0x2651D58,
    "MeetingHudPtr": [0x2651EE8,0xB8,0x0],
    "MeetingHudCachePtrOffsets": [0x10],
    "MeetingHudStateOffsets": [0xC0],
    "GameStateOffsets": [0x2651EC0,0xB8,0x0,0xAC],
    "AllPlayerPtrOffsets": [0x2651450,0xB8,0x0,0x30],
    "AllPlayersOffsets": [0x10],
    "PlayerCountOffsets": [0x18],
    "ExiledPlayerIdOffsets": [0x2651EE8,0xB8,0x20,0xE0,0x10],
    "RawGameOverReasonOffsets": [0x264D5F8,0xB8,0x4],
    "WinningPlayersPtrOffsets": [0x264D5F8,0xB8,0x10],
    "WinningPlayersOffsets": [0x10],
    "WinningPlayerCountOffsets": [0x18],
    "AddPlayerPtr": 8,
    "PlayerListPtr": 0x20,
    "GameCodeOffsets": [0x2552940,0xB8,0x0,0x40,0x48],
    "PlayRegionOffsets": [0x2536FE0,0xB8,0x0,0x20,0x10,0x10],
    "PlayMapOffsets": [0x2651D58,0xB8,0x8,0x18],
    "StringOffsets": [0x10, 0x14],
    "isEpic": true
  },
  "windows_store": {
    "Description": "v2021.2.21m (Windows Store)",
    "AmongUsClientOffset": 0x348FED8,
    "GameDataOffset": 0x348FAF0,
    "MeetingHudOffset": 0x348E740,
    "GameStartManagerOffset": 0x3207F58,
    "HudManagerOffset": 0x1ae16ec,
    "ServerManagerOffset": 0x31FA7F8,
    "TempDataOffset": 0x348F908,
    "GameOptionsOffset": 0x348FFD8,

    "MeetingHudPtr": [0x348E740,0xB8,0x0],
    "MeetingHudCachePtrOffsets": [0x10],
    "MeetingHudStateOffsets": [0xC0],

    "GameStateOffsets": [0x348FED8,0xB8,0x0,0xBC],
    "AllPlayerPtrOffsets": [0x348FAF0,0xB8,0x0,0x30],
    "AllPlayersOffsets": [0x10],
    "PlayerCountOffsets": [0x18],
    "ExiledPlayerIdOffsets": [0x348E740,0xB8,0x20,0xE0,0x10],

    "RawGameOverReasonOffsets": [0x348F908,0xB8,0x4],
    "WinningPlayersPtrOffsets": [0x348F908,0xB8,0x10],
    "WinningPlayersOffsets": [0x10],
    "WinningPlayerCountOffsets": [0x18],

    "AddPlayerPtr": 8,
    "PlayerListPtr": 0x20,

    "GameCodeOffsets": [0x3207F58,0xB8,0x0,0x40,0x48],
    "PlayRegionOffsets": [0x31FA7F8,0xB8,0x0,0x20,0x10,0x10],
    "PlayMapOffsets": [0x348FFD8,0xB8,0x8,0x18],
    "StringOffsets": [0x10, 0x14],
    "isEpic": true
  },
  "BB8271D37249E720DED18C018E1347C91EDBD734A4F2078A4D329E2E0021DA81": {
    "Description": "v2021.2.21m (Windows Store)",
    "AmongUsClientOffset": 0x348FED8,
    "GameDataOffset": 0x348FAF0,
    "MeetingHudOffset": 0x348E740,
    "GameStartManagerOffset": 0x3207F58,
    "HudManagerOffset": 0x1ae16ec,
    "ServerManagerOffset": 0x31FA7F8,
    "TempDataOffset": 0x348F908,
    "GameOptionsOffset": 0x348FFD8,

    "MeetingHudPtr": [0x348E740,0xB8,0x0],
    "MeetingHudCachePtrOffsets": [0x10],
    "MeetingHudStateOffsets": [0xC0],

    "GameStateOffsets": [0x348FED8,0xB8,0x0,0xBC],
    "AllPlayerPtrOffsets": [0x348FAF0,0xB8,0x0,0x30],
    "AllPlayersOffsets": [0x10],
    "PlayerCountOffsets": [0x18],
    "ExiledPlayerIdOffsets": [0x348E740,0xB8,0x20,0xE0,0x10],

    "RawGameOverReasonOffsets": [0x348F908,0xB8,0x4],
    "WinningPlayersPtrOffsets": [0x348F908,0xB8,0x10],
    "WinningPlayersOffsets": [0x10],
    "WinningPlayerCountOffsets": [0x18],

    "AddPlayerPtr": 8,
    "PlayerListPtr": 0x20,

    "GameCodeOffsets": [0x3207F58,0xB8,0x0,0x40,0x48],
    "PlayRegionOffsets": [0x31FA7F8,0xB8,0x0,0x20,0x10,0x10],
    "PlayMapOffsets": [0x348FFD8,0xB8,0x8,0x18],
    "StringOffsets": [0x10, 0x14],
    "isEpic": true
  },  
  "B718DBA116D77D3B2359BD36A33995D608608FD2562C5B0B23755023FB7583D6": {
    "Description": "v2020.12.5 (Windows Store)",
    "AmongUsClientOffset": 0x21E7C38,
    "GameDataOffset": 0x21E7BF0,
    "MeetingHudOffset": 0x21E7DF0,
    "GameStartManagerOffset": 0x1D82D18,
    "HudManagerOffset": 0x1ae16ec,
    "ServerManagerOffset": 0x1D6C098,
    "TempDataOffset": 0x21E6CC8,
    "GameOptionsOffset": 0x21E82C8,

    "MeetingHudPtr": [0x21E7DF0,0xB8,0x0],
    "MeetingHudCachePtrOffsets": [0x10],
    "MeetingHudStateOffsets": [0xC0],

    "GameStateOffsets": [0x21E7C38,0xB8,0x0,0xAC],
    "AllPlayerPtrOffsets": [0x21E7BF0,0xB8,0x0,0x30],
    "AllPlayersOffsets": [0x10],
    "PlayerCountOffsets": [0x18],
    "ExiledPlayerIdOffsets": [0x21E7DF0,0xB8,0x20,0xE0,0x10],

    "RawGameOverReasonOffsets": [0x21E6CC8,0xB8,0x4],
    "WinningPlayersPtrOffsets": [0x21E6CC8,0xB8,0x10],
    "WinningPlayersOffsets": [0x10],
    "WinningPlayerCountOffsets": [0x18],

    "AddPlayerPtr": 8,
    "PlayerListPtr": 0x20,

    "GameCodeOffsets": [0x1D82D18,0xB8,0x0,0x40,0x48],
    "PlayRegionOffsets": [0x1D6C098,0xB8,0x0,0x20,0x10,0x10],
    "PlayMapOffsets": [0x21E82C8,0xB8,0x8,0x18],
    "StringOffsets": [0x10, 0x14],
    "isEpic": true
  },
  "31E1F0C1D7370071F96514B8A76DE72FF0EE130F870A1BC157D63E0FBDA979D1": {
    "Description": "v2021.3.5s",
    "AmongUsClientOffset": 46580344,
    "GameDataOffset": 46579836,
    "MeetingHudOffset": 46577548,
    "GameStartManagerOffset": 45252408,
    "HudManagerOffset": 28186348,
    "ServerManagerOffset": 45221608,
    "TempDataOffset": 46579620,
    "GameOptionsOffset": 46580496,

    "MeetingHudPtr": [46577548, 92, 0],
    "MeetingHudCachePtrOffsets": [8],
    "MeetingHudStateOffsets": [132],
    "GameStateOffsets": [46580344, 92, 0, 108],
    "AllPlayerPtrOffsets": [46579836, 92, 0, 36],
    "AllPlayersOffsets": [8],
    "PlayerCountOffsets": [12],
    "ExiledPlayerIdOffsets": [46577548, 92, 0, 148, 8],
    "RawGameOverReasonOffsets": [46579620, 92, 4],
    "WinningPlayersPtrOffsets": [46579620, 92, 12],
    "WinningPlayersOffsets": [8],
    "WinningPlayerCountOffsets": [12],
    "GameCodeOffsets": [45252408, 92, 0, 32, 40],
    "PlayRegionOffsets": [45221608, 92, 0, 16, 8, 8],
    "PlayMapOffsets": [46580496, 92, 4, 16],
    "StringOffsets": [8, 12],
    "isEpic": false,
    "AddPlayerPtr": 4,
    "PlayerListPtr": 16
  },
  "698D0C08F58300534E86365A7387DBDF47CB1E097399251EC4CC036C3579EFA3": {
    "Description": "v2021.3.5e (Epic Games)",
    "AmongUsClientOffset": 0x2A72BA4,
    "GameDataOffset": 0x2A72918,
    "MeetingHudOffset": 0x2A7200C,
    "GameStartManagerOffset": 0x2970550,
    "HudManagerOffset": 28186348,
    "ServerManagerOffset": 0x2964A20,
    "TempDataOffset": 0x2A72958,
    "GameOptionsOffset": 0x2A72C10,

    "MeetingHudPtr": [0x2A7200C, 92, 0],
    "MeetingHudCachePtrOffsets": [8],
    "MeetingHudStateOffsets": [132],
    "GameStateOffsets": [0x2A72BA4, 92, 0, 108],
    "AllPlayerPtrOffsets": [0x2A72918, 92, 0, 36],
    "AllPlayersOffsets": [8],
    "PlayerCountOffsets": [12],
    "ExiledPlayerIdOffsets": [0x2A7200C, 92, 0, 148, 8],
    "RawGameOverReasonOffsets": [0x2A72958, 92, 4],
    "WinningPlayersPtrOffsets": [0x2A72958, 92, 12],
    "WinningPlayersOffsets": [8],
    "WinningPlayerCountOffsets": [12],
    "GameCodeOffsets": [0x2970550, 92, 0, 32, 40],
    "PlayRegionOffsets": [0x2964A20, 92, 0, 16, 8, 8],
    "PlayMapOffsets": [0x2A72C10, 92, 4, 16],
    "StringOffsets": [8, 12],
    "isEpic": false,
    "AddPlayerPtr": 4,
    "PlayerListPtr": 16
  },
  "DDF0683726D26A39BD934DE4309B30BB8A8983226245252A2E4EC745B8D05FA7": {
    "Description": "v2021.3.5i",
    "AmongUsClientOffset": 0x2A1DDC4,
    "GameDataOffset": 0x2A1DBC8,
    "MeetingHudOffset": 0x2A1D1A4,
    "GameStartManagerOffset": 0x29184E0,
    "HudManagerOffset": 28186348,
    "ServerManagerOffset": 0x2911DE0,
    "TempDataOffset": 0x2A1DB74,
    "GameOptionsOffset": 0x2A1DE54,

    "MeetingHudPtr": [0x2A1D1A4, 92, 0],
    "MeetingHudCachePtrOffsets": [8],
    "MeetingHudStateOffsets": [132],
    "GameStateOffsets": [0x2A1DDC4, 92, 0, 108],
    "AllPlayerPtrOffsets": [0x2A1DBC8, 92, 0, 36],
    "AllPlayersOffsets": [8],
    "PlayerCountOffsets": [12],
    "ExiledPlayerIdOffsets": [0x2A1D1A4, 92, 0, 148, 8],
    "RawGameOverReasonOffsets": [0x2A1DB74, 92, 4],
    "WinningPlayersPtrOffsets": [0x2A1DB74, 92, 12],
    "WinningPlayersOffsets": [8],
    "WinningPlayerCountOffsets": [12],
    "GameCodeOffsets": [0x29184E0, 92, 0, 32, 40],
    "PlayRegionOffsets": [0x2911DE0, 92, 0, 16, 8, 8],
    "PlayMapOffsets": [0x2A1DE54, 92, 4, 16],
    "StringOffsets": [8, 12],
    "isEpic": false,
    "AddPlayerPtr": 4,
    "PlayerListPtr": 16
  },
  "9CED77F86CC0A0306EA029D98B9FE75C4D1D88819C42A69053B5075014CC5F72": {
    "Description": "v2021.3.31s",
    "AmongUsClientOffset": 0x28A5BFC,
    "GameDataOffset": 0x28C1230,
    "MeetingHudOffset": 0x289E7F8,
    "GameStartManagerOffset": 0x284A514,
    "HudManagerOffset": 28186348,
    "ServerManagerOffset": 0x284AA84,
    "TempDataOffset": 0x288E9F0,
    "GameOptionsOffset": 0x28AA130,

    "MeetingHudPtr": [0x289E7F8, 92, 0],
    "MeetingHudCachePtrOffsets": [8],
    "MeetingHudStateOffsets": [132],
    "GameStateOffsets": [0x28A5BFC, 92, 0, 112],
    "AllPlayerPtrOffsets": [0x28C1230, 92, 0, 36],
    "AllPlayersOffsets": [8],
    "PlayerCountOffsets": [12],
    "ExiledPlayerIdOffsets": [0x289E7F8, 92, 0, 148, 8],
    "RawGameOverReasonOffsets": [0x288E9F0, 92, 4],
    "WinningPlayersPtrOffsets": [0x288E9F0, 92, 12],
    "WinningPlayersOffsets": [8],
    "WinningPlayerCountOffsets": [12],
    "GameCodeOffsets": [0x284A514, 92, 0, 32, 40],
    "PlayRegionOffsets": [0x284AA84, 92, 0, 16, 8, 8],
    "PlayMapOffsets": [0x28AA130, 92, 4, 16],
    "StringOffsets": [8, 12],
    "isEpic": false,
    "AddPlayerPtr": 4,
    "PlayerListPtr": 16
  },
  "46610519EF9F9E121C44DEBFE30D3FE880D2613330996826DB4F32EE52B35C1D": {
    "Description": "v2021.3.31.2s",
    "AmongUsClientOffset": 0x28D2370,
    "GameDataOffset": 0x28ED93C,
    "MeetingHudOffset": 0x28CAEB8,
    "GameStartManagerOffset": 0x2875E28,
    "HudManagerOffset": 28186348,
    "ServerManagerOffset": 0x2876398,
    "TempDataOffset": 0x28C2E40,
    "GameOptionsOffset": 0x28AA130,

    "MeetingHudPtr": [0x28CAEB8, 92, 0],
    "MeetingHudCachePtrOffsets": [8],
    "MeetingHudStateOffsets": [132],
    "GameStateOffsets": [0x28D2370, 92, 0, 112],
    "AllPlayerPtrOffsets": [0x28ED93C, 92, 0, 36],
    "AllPlayersOffsets": [8],
    "PlayerCountOffsets": [12],
    "ExiledPlayerIdOffsets": [0x28CAEB8, 92, 0, 148, 8],
    "RawGameOverReasonOffsets": [0x28C2E40, 92, 4],
    "WinningPlayersPtrOffsets": [0x28C2E40, 92, 12],
    "WinningPlayersOffsets": [8],
    "WinningPlayerCountOffsets": [12],
    "GameCodeOffsets": [0x2875E28, 92, 0, 32, 40],
    "PlayRegionOffsets": [0x2876398, 92, 0, 16, 8, 8],
    "PlayMapOffsets": [0x28AA130, 92, 4, 16],
    "StringOffsets": [8, 12],
    "isEpic": false,
    "AddPlayerPtr": 4,
    "PlayerListPtr": 16
  },
  "3E01974A43431BF7BA7E88570DB8E19954D256C37DB9917C4905963CBD006099": {
    "Description": "v2021.3.31.3s",
    "AmongUsClientOffset": 0x28DFEB4,
    "GameDataOffset": 0x28FB4D4,
    "MeetingHudOffset": 0x28D8948,
    "GameStartManagerOffset": 0x28836F0,
    "HudManagerOffset": 28186348,
    "ServerManagerOffset": 0x2883C58,
    "TempDataOffset": 0x28EEB80,
    "GameOptionsOffset": 0x28E44EC,

    "MeetingHudPtr": [0x28D8948, 92, 0],
    "MeetingHudCachePtrOffsets": [8],
    "MeetingHudStateOffsets": [132],
    "GameStateOffsets": [0x28DFEB4, 92, 0, 112],
    "AllPlayerPtrOffsets": [0x28FB4D4, 92, 0, 36],
    "AllPlayersOffsets": [8],
    "PlayerCountOffsets": [12],
    "ExiledPlayerIdOffsets": [0x28D8948, 92, 0, 148, 8],
    "RawGameOverReasonOffsets": [0x28EEB80, 92, 4],
    "WinningPlayersPtrOffsets": [0x28EEB80, 92, 12],
    "WinningPlayersOffsets": [8],
    "WinningPlayerCountOffsets": [12],
    "GameCodeOffsets": [0x28836F0, 92, 0, 32, 40],
    "PlayRegionOffsets": [0x2883C58, 92, 0, 16, 8, 8],
    "PlayMapOffsets": [0x28E44EC, 92, 4, 16],
    "StringOffsets": [8, 12],
    "isEpic": false,
    "AddPlayerPtr": 4,
    "PlayerListPtr": 16,
    "PlayerInfoStructOffsets": {
      "PlayerIDOffset": 8,
      "PlayerNameOffset": 12,
      "ColorIDOffset": 20,
      "HatIDOffset": 24,
      "PetIDOffset": 28,
      "SkinIDOffset": 32,
      "DisconnectedOffset": 36,
      "TasksOffset": 40,
      "ImposterOffset": 44,
      "DeadOffset": 45,
      "ObjectOffset": 48
    },
    "WinningPlayerDataStructOffsets": {
      "NameOffset": 8,
      "DeadOffset": 12,
      "ImposterOffset": 13,
      "ColorOffset": 16,
      "SkinOffset": 20,
      "HatOffset": 24,
      "PetOffset": 28,
      "IsYouOffset": 32
    }
  },
  "AF36FA05BF810302222C351D418A498CC7B8D591825A5CC9B0DFB1ACAB65B3DF": {
    "Description": "v2021.3.31.3e",
    "AmongUsClientOffset": 0x2640678,
    "GameDataOffset": 0x2659B44,
    "MeetingHudOffset": 0x26371B8,
    "GameStartManagerOffset": 0x25DD448,
    "HudManagerOffset": 28186348,
    "ServerManagerOffset": 0x25DD910,
    "TempDataOffset": 0x2654358,
    "GameOptionsOffset": 0x28AA130,

    "MeetingHudPtr": [0x26371B8, 0x5C, 0x0],
    "MeetingHudCachePtrOffsets": [0x8],
    "MeetingHudStateOffsets": [0x84],
    "GameStateOffsets": [0x2640678, 0x5C, 0x0, 0x70],
    "AllPlayerPtrOffsets": [0x2659B44, 0x5C, 0x0, 0x24],
    "AllPlayersOffsets": [0x8],
    "PlayerCountOffsets": [0xC],
    "ExiledPlayerIdOffsets": [0x26371B8, 0x5C, 0x0, 0x94],
    "RawGameOverReasonOffsets": [0x2654358, 0x5C, 0x4],
    "WinningPlayersPtrOffsets": [0x2654358, 0x5C, 0xC],
    "WinningPlayersOffsets": [0x8],
    "WinningPlayerCountOffsets": [0xC],
    "GameCodeOffsets": [0x25DD448, 0x5C, 0x0, 0x20, 0x28],
    "PlayRegionOffsets": [0x25DD910, 0x5C, 0x0, 0x10, 0x8],
    "PlayMapOffsets": [0x2641BF8, 0x5C, 0x4, 0x10],
    "StringOffsets": [0x8, 0xC],
    "isEpic": false,
    "AddPlayerPtr": 4,
    "PlayerListPtr": 16
  },
  "B936EA54B3FE1B981078AF6258B34FF23E2EF7C20AEA5B9DAA48931284435120": {
    "Description": "v2021.4.1e",
    "AmongUsClientOffset": 0x26B75C4,
    "GameDataOffset": 0x26D0BE0,
    "MeetingHudOffset": 0x26AE008,
    "GameStartManagerOffset": 0x267FA58,
    "HudManagerOffset": 28186348,
    "ServerManagerOffset": 0x267FF30,
    "TempDataOffset": 0x26AD09C,
    "GameOptionsOffset": 0x26B8AF0,

    "MeetingHudPtr": [0x26AE008, 0x5C, 0x0],
    "MeetingHudCachePtrOffsets": [0x8],
    "MeetingHudStateOffsets": [0x84],
    "GameStateOffsets": [0x26B75C4, 0x5C, 0x0, 0x70],
    "AllPlayerPtrOffsets": [0x26D0BE0, 0x5C, 0x0, 0x24],
    "AllPlayersOffsets": [0x8],
    "PlayerCountOffsets": [0xC],
    "ExiledPlayerIdOffsets": [0x26AE008, 0x5C, 0x0, 0x94, 0x8],
    "RawGameOverReasonOffsets": [0x26AD09C, 0x5C, 0x4],
    "WinningPlayersPtrOffsets": [0x26AD09C, 0x5C, 0xC],
    "WinningPlayersOffsets": [0x8],
    "WinningPlayerCountOffsets": [0xC],
    "GameCodeOffsets": [0x267FA58, 0x5C, 0x0, 0x20, 0x28],
    "PlayRegionOffsets": [0x267FF30, 0x5C, 0x0, 0x10, 0x8],
    "PlayMapOffsets": [0x26B8AF0, 0x5C, 0x4, 0x10],
    "StringOffsets": [0x8, 0xC],
    "isEpic": false,
    "AddPlayerPtr": 4,
    "PlayerListPtr": 16
  },
    "CA700850374C72019FA1AEAEC4483FD3FE9790834A7B1756E00F6DE623A83F6F": {
    "Description": "v2021.4.12s",
    "AmongUsClientOffset": 0x287BB14,
    "GameDataOffset": 0x289744C,
    "MeetingHudOffset": 0x28747C0,
    "GameStartManagerOffset": 0x2821D18,
    "HudManagerOffset": 0x2821E20,
    "ServerManagerOffset": 0x2822270,
    "TempDataOffset": 0x28736EC,
    "GameOptionsOffset": 0x28801B8,

    "MeetingHudPtr": [0x28747C0, 92, 0],
    "MeetingHudCachePtrOffsets": [8],
    "MeetingHudStateOffsets": [132],
    "GameStateOffsets": [0x287BB14, 92, 0, 112],
    "AllPlayerPtrOffsets": [0x289744C, 92, 0, 36],
    "AllPlayersOffsets": [8],
    "PlayerCountOffsets": [12],
    "ExiledPlayerIdOffsets": [0x28747C0, 92, 0, 148, 8],
    "RawGameOverReasonOffsets": [0x28736EC, 92, 4],
    "WinningPlayersPtrOffsets": [0x28736EC, 92, 12],
    "WinningPlayersOffsets": [8],
    "WinningPlayerCountOffsets": [12],
    "GameCodeOffsets": [0x2821D18, 92, 0, 0x20, 0x80],
    "PlayRegionOffsets": [0x2822270, 92, 0, 16, 8, 8],
    "PlayMapOffsets": [0x28801B8, 92, 4, 16],
    "StringOffsets": [8, 12],
    "isEpic": false,
    "AddPlayerPtr": 4,
    "PlayerListPtr": 16
  },
  "19F3E1C4A4EEE1291855485700B1AD7833656C858C5C76B30B776C5A760F2B24": {
    "Description": "v2021.4.12e",
    "AmongUsClientOffset": 0x25FB58C,
    "GameDataOffset": 0x2614C08,
    "MeetingHudOffset": 0x25F207C,
    "GameStartManagerOffset": 0x25989A0,
    "HudManagerOffset": 28186348,
    "ServerManagerOffset": 0x2598E88,
    "TempDataOffset": 0x25F1110,
    "GameOptionsOffset": 0x25FCBB4,

    "MeetingHudPtr": [0x25F207C, 0x5C, 0x0],
    "MeetingHudCachePtrOffsets": [0x8],
    "MeetingHudStateOffsets": [0x84],
    "GameStateOffsets": [0x25FB58C, 0x5C, 0x0, 0x70],
    "AllPlayerPtrOffsets": [0x2614C08, 0x5C, 0x0, 0x24],
    "AllPlayersOffsets": [0x8],
    "PlayerCountOffsets": [0xC],
    "ExiledPlayerIdOffsets": [0x25F207C, 0x5C, 0x0, 0x94, 0x8],
    "RawGameOverReasonOffsets": [0x25F1110, 0x5C, 0x4],
    "WinningPlayersPtrOffsets": [0x25F1110, 0x5C, 0xC],
    "WinningPlayersOffsets": [0x8],
    "WinningPlayerCountOffsets": [0xC],
    "GameCodeOffsets": [0x25989A0, 0x5C, 0x0, 0x20, 0x80],
    "PlayRegionOffsets": [0x2598E88, 0x5C, 0x0, 0x10, 0x8],
    "PlayMapOffsets": [0x25FCBB4, 0x5C, 0x4, 0x10],
    "StringOffsets": [0x8, 0xC],
    "isEpic": false,
    "AddPlayerPtr": 4,
    "PlayerListPtr": 16
  },
  "82AFE62243A08C455251849C345572943E836958133FD5FD5DD7C459C6BA81AF": {
    "Description": "v2021.4.14s",
    "AmongUsClientOffset": 0x28E98F4,
    "GameDataOffset": 0x290551C,
    "MeetingHudOffset": 0x28E25A8,
    "GameStartManagerOffset": 0x288EB80,
    "HudManagerOffset": 0x2821E20,
    "ServerManagerOffset": 0x288F0D8,
    "TempDataOffset": 0x28E14D0,
    "GameOptionsOffset": 0x28EDF98,

    "MeetingHudPtr": [0x28E25A8, 92, 0],
    "MeetingHudCachePtrOffsets": [8],
    "MeetingHudStateOffsets": [132],
    "GameStateOffsets": [0x28E98F4, 92, 0, 112],
    "AllPlayerPtrOffsets": [0x290551C, 92, 0, 36],
    "AllPlayersOffsets": [8],
    "PlayerCountOffsets": [12],
    "ExiledPlayerIdOffsets": [0x28E25A8, 92, 0, 148, 8],
    "RawGameOverReasonOffsets": [0x28E14D0, 92, 4],
    "WinningPlayersPtrOffsets": [0x28E14D0, 92, 12],
    "WinningPlayersOffsets": [8],
    "WinningPlayerCountOffsets": [12],
    "GameCodeOffsets": [0x288EB80, 92, 0, 0x20, 0x80],
    "PlayRegionOffsets": [0x288F0D8, 92, 0, 16, 8, 8],
    "PlayMapOffsets": [0x28EDF98, 92, 4, 16],
    "StringOffsets": [8, 12],
    "isEpic": false,
    "AddPlayerPtr": 4,
    "PlayerListPtr": 16,
    "PlayerInfoStructOffsets": {
      "PlayerIDOffset": 8,
      "PlayerNameOffset": 12,
      "ColorIDOffset": 20,
      "HatIDOffset": 24,
      "PetIDOffset": 28,
      "SkinIDOffset": 32,
      "DisconnectedOffset": 36,
      "TasksOffset": 40,
      "ImposterOffset": 44,
      "DeadOffset": 45,
      "ObjectOffset": 48
    },
    "WinningPlayerDataStructOffsets": {
      "NameOffset": 8,
      "DeadOffset": 12,
      "ImposterOffset": 13,
      "ColorOffset": 16,
      "SkinOffset": 20,
      "HatOffset": 24,
      "PetOffset": 28,
      "IsYouOffset": 32
    }
  },
  "2078D2FE5BB4C219570243AEA19B54DAE86B229EF83810C7F1DBE854058499F9": {
    "Description": "v2021.4.14e",
    "AmongUsClientOffset": 0x2668010,
    "GameDataOffset": 0x268168C,
    "MeetingHudOffset": 0x265EAFC,
    "GameStartManagerOffset": 0x26049A0,
    "HudManagerOffset": 28186348,
    "ServerManagerOffset": 0x2604E88,
    "TempDataOffset": 0x265DB90,
    "GameOptionsOffset": 0x2669638,

    "MeetingHudPtr": [0x265EAFC, 0x5C, 0x0],
    "MeetingHudCachePtrOffsets": [0x8],
    "MeetingHudStateOffsets": [0x84],
    "GameStateOffsets": [0x2668010, 0x5C, 0x0, 0x70],
    "AllPlayerPtrOffsets": [0x268168C, 0x5C, 0x0, 0x24],
    "AllPlayersOffsets": [0x8],
    "PlayerCountOffsets": [0xC],
    "ExiledPlayerIdOffsets": [0x265EAFC, 0x5C, 0x0, 0x94, 0x8],
    "RawGameOverReasonOffsets": [0x265DB90, 0x5C, 0x4],
    "WinningPlayersPtrOffsets": [0x265DB90, 0x5C, 0xC],
    "WinningPlayersOffsets": [0x8],
    "WinningPlayerCountOffsets": [0xC],
    "GameCodeOffsets": [0x26049A0, 0x5C, 0x0, 0x20, 0x80],
    "PlayRegionOffsets": [0x2604E88, 0x5C, 0x0, 0x10, 0x8, 0x8],
    "PlayMapOffsets": [0x2669638, 0x5C, 0x4, 0x10],
    "StringOffsets": [0x8, 0xC],
    "isEpic": false,
    "AddPlayerPtr": 4,
    "PlayerListPtr": 16,
    "PlayerInfoStructOffsets": {
      "PlayerIDOffset": 8,
      "PlayerNameOffset": 12,
      "ColorIDOffset": 20,
      "HatIDOffset": 24,
      "PetIDOffset": 28,
      "SkinIDOffset": 32,
      "DisconnectedOffset": 36,
      "TasksOffset": 40,
      "ImposterOffset": 44,
      "DeadOffset": 45,
      "ObjectOffset": 48
    },
    "WinningPlayerDataStructOffsets": {
      "NameOffset": 8,
      "DeadOffset": 12,
      "ImposterOffset": 13,
      "ColorOffset": 16,
      "SkinOffset": 20,
      "HatOffset": 24,
      "PetOffset": 28,
      "IsYouOffset": 32
    }
  },
  "6C6E2914387B6D8594759F4864D976DF5625AF7F738F72C8525C4BF9E836ADE3": {
    "Description": "v2021.4.14m",
    "AmongUsClientOffset": 0x2FCFD78,
    "GameDataOffset": 0x3002D38,
    "MeetingHudOffset": 0x2FBD680,
    "GameStartManagerOffset": 0x2F692F8,
    "HudManagerOffset": 0x2F694E8,
    "ServerManagerOffset": 0x2F69CE8,
    "TempDataOffset": 0x2FBB7A8,
    "GameOptionsOffset": 0x2FD2C30,

    "MeetingHudPtr": [0x2FBD680, 0xB8, 0x0],
    "MeetingHudCachePtrOffsets": [0x10],
    "MeetingHudStateOffsets": [0xC0],
    "GameStateOffsets": [0x2FCFD78, 0xB8, 0x0, 0xC4],
    "AllPlayerPtrOffsets": [0x3002D38, 0xB8, 0x0, 0x30],
    "AllPlayersOffsets": [0x10],
    "PlayerCountOffsets": [0x18],
    "ExiledPlayerIdOffsets": [0x2FBD680, 0xB8, 0x0, 0xE0, 0x10],
    "RawGameOverReasonOffsets": [0x2FBB7A8, 0xB8, 0x4],
    "WinningPlayersPtrOffsets": [0x2FBB7A8, 0xB8, 0x10],
    "WinningPlayersOffsets": [0x10],
    "WinningPlayerCountOffsets": [0x18],
    "GameCodeOffsets": [0x2F692F8, 0xB8, 0x0, 0x40, 0xD8],
    "PlayRegionOffsets": [0x2F69CE8, 0xB8, 0x0, 0x20, 0x10],
    "PlayMapOffsets": [0x2FD2C30, 0xB8, 0x8, 0x18],
    "StringOffsets": [0x10, 0x14],
    "isEpic": true,
    "AddPlayerPtr": 0x8,
    "PlayerListPtr": 0x20,
    "PlayerInfoStructOffsets": {
      "PlayerIDOffset": 16,
      "PlayerNameOffset": 24,
      "ColorIDOffset": 36,
      "HatIDOffset": 40,
      "PetIDOffset": 44,
      "SkinIDOffset": 48,
      "DisconnectedOffset": 52,
      "TasksOffset": 56,
      "ImposterOffset": 64,
      "DeadOffset": 65,
      "ObjectOffset": 72
    },
    "WinningPlayerDataStructOffsets": {
      "NameOffset": 16,
      "DeadOffset": 24,
      "ImposterOffset": 25,
      "ColorOffset": 28,
      "SkinOffset": 32,
      "HatOffset": 36,
      "PetOffset": 40,
      "IsYouOffset": 44
    },  
  },
  "B657D59A4F88F5EDA7799CCE5A605108F9915D54C24DDF1926BC4578A7850A58": {
    "Description": "v2021.5.10s",
    "AmongUsClientOffset": 0x1E247C4,
    "GameDataOffset": 0x1E3F0F8,
    "MeetingHudOffset": 0x1E1CEEC,
    "GameStartManagerOffset": 0x1DF9080,
    "HudManagerOffset": 0x2821E20,
    "ServerManagerOffset": 0x1DF95F0,
    "TempDataOffset": 0x1E3BD8C,
    "GameOptionsOffset": 0x1E283AC,

    "MeetingHudPtr": [0x1E1CEEC, 92, 0],
    "MeetingHudCachePtrOffsets": [8],
    "MeetingHudStateOffsets": [132],
    "GameStateOffsets": [0x1E247C4, 92, 0, 112],
    "AllPlayerPtrOffsets": [0x1E3F0F8, 92, 0, 36],
    "AllPlayersOffsets": [8],
    "PlayerCountOffsets": [12],
    "ExiledPlayerIdOffsets": [0x1E1CEEC, 92, 0, 148, 8],
    "RawGameOverReasonOffsets": [0x1E3BD8C, 92, 4],
    "WinningPlayersPtrOffsets": [0x1E3BD8C, 92, 12],
    "WinningPlayersOffsets": [8],
    "WinningPlayerCountOffsets": [12],
    "GameCodeOffsets": [0x1DF9080, 92, 0, 0x20, 0x80],
    "PlayRegionOffsets": [0x1DF95F0, 92, 0, 16, 8, 8],
    "PlayMapOffsets": [0x1E283AC, 92, 4, 16],
    "StringOffsets": [8, 12],
    "isEpic": false,
    "AddPlayerPtr": 4,
    "PlayerListPtr": 16,
    "PlayerInfoStructOffsets": {
      "PlayerIDOffset": 8,
      "PlayerNameOffset": 12,
      "ColorIDOffset": 20,
      "HatIDOffset": 24,
      "PetIDOffset": 28,
      "SkinIDOffset": 32,
      "DisconnectedOffset": 36,
      "TasksOffset": 40,
      "ImposterOffset": 44,
      "DeadOffset": 45,
      "ObjectOffset": 48
    },
    "WinningPlayerDataStructOffsets": {
      "NameOffset": 8,
      "DeadOffset": 12,
      "ImposterOffset": 13,
      "ColorOffset": 16,
      "SkinOffset": 20,
      "HatOffset": 24,
      "PetOffset": 28,
      "IsYouOffset": 32
    }
  },
  "04FEC9802D57E37706D72C33DC62CCF7D601ECDE1F39F7DAAFEA34BC02833771": {
    "Description": "v2021.5.10e",
    "AmongUsClientOffset": 0x1B7BA28,
    "GameDataOffset": 0x1B94864,
    "MeetingHudOffset": 0x1B71FD8,
    "GameStartManagerOffset": 0x1B468A0,
    "HudManagerOffset": 0x2821E20,
    "ServerManagerOffset": 0x1B46D60,
    "TempDataOffset": 0x1B8E970,
    "GameOptionsOffset": 0x1B7C80C,

    "MeetingHudPtr": [0x1B71FD8, 92, 0],
    "MeetingHudCachePtrOffsets": [8],
    "MeetingHudStateOffsets": [132],
    "GameStateOffsets": [0x1B7BA28, 92, 0, 112],
    "AllPlayerPtrOffsets": [0x1B94864, 92, 0, 36],
    "AllPlayersOffsets": [8],
    "PlayerCountOffsets": [12],
    "ExiledPlayerIdOffsets": [0x1B71FD8, 92, 0, 148, 8],
    "RawGameOverReasonOffsets": [0x1B8E970, 92, 4],
    "WinningPlayersPtrOffsets": [0x1B8E970, 92, 12],
    "WinningPlayersOffsets": [8],
    "WinningPlayerCountOffsets": [12],
    "GameCodeOffsets": [0x1B468A0, 92, 0, 0x20, 0x80],
    "PlayRegionOffsets": [0x1B46D60, 92, 0, 16, 8, 8],
    "PlayMapOffsets": [0x1B7C80C, 92, 4, 16],
    "StringOffsets": [8, 12],
    "isEpic": false,
    "AddPlayerPtr": 4,
    "PlayerListPtr": 16,
    "PlayerInfoStructOffsets": {
      "PlayerIDOffset": 8,
      "PlayerNameOffset": 12,
      "ColorIDOffset": 20,
      "HatIDOffset": 24,
      "PetIDOffset": 28,
      "SkinIDOffset": 32,
      "DisconnectedOffset": 36,
      "TasksOffset": 40,
      "ImposterOffset": 44,
      "DeadOffset": 45,
      "ObjectOffset": 48
    },
    "WinningPlayerDataStructOffsets": {
      "NameOffset": 8,
      "DeadOffset": 12,
      "ImposterOffset": 13,
      "ColorOffset": 16,
      "SkinOffset": 20,
      "HatOffset": 24,
      "PetOffset": 28,
      "IsYouOffset": 32
    }
  },
  "974F53C0270B83BEEE2D5BC1784BA34B878D6A2FEB9792464A33DB5BD41F413B": {
    "Description": "v2021.5.7m",
    "AmongUsClientOffset": 0x21A4AF8,
    "GameDataOffset": 0x21D7008,
    "MeetingHudOffset": 0x2191828,
    "GameStartManagerOffset": 0x21358C8,
    "HudManagerOffset": 0x2135AA8,
    "ServerManagerOffset": 0x2136298,
    "TempDataOffset": 0x21CAB80,
    "GameOptionsOffset": 0x21A6758,

    "MeetingHudPtr": [0x2191828, 0xB8, 0x0],
    "MeetingHudCachePtrOffsets": [0x10],
    "MeetingHudStateOffsets": [0xC0],
    "GameStateOffsets": [0x21A4AF8, 0xB8, 0x0, 0xC4],
    "AllPlayerPtrOffsets": [0x21D7008, 0xB8, 0x0, 0x30],
    "AllPlayersOffsets": [0x10],
    "PlayerCountOffsets": [0x18],
    "ExiledPlayerIdOffsets": [0x2191828, 0xB8, 0x0, 0xE0, 0x10],
    "RawGameOverReasonOffsets": [0x21CAB80, 0xB8, 0x4],
    "WinningPlayersPtrOffsets": [0x21CAB80, 0xB8, 0x10],
    "WinningPlayersOffsets": [0x10],
    "WinningPlayerCountOffsets": [0x18],
    "GameCodeOffsets": [0x21358C8, 0xB8, 0x0, 0x40, 0xD8],
    "PlayRegionOffsets": [0x2136298, 0xB8, 0x0, 0x20, 0x10, 0x10],
    "PlayMapOffsets": [0x21A6758, 0xB8, 0x8, 0x18],
    "StringOffsets": [0x10, 0x14],
    "isEpic": true,
    "AddPlayerPtr": 0x8,
    "PlayerListPtr": 0x20,
    "PlayerInfoStructOffsets": {
      "PlayerIDOffset": 16,
      "PlayerNameOffset": 24,
      "ColorIDOffset": 36,
      "HatIDOffset": 40,
      "PetIDOffset": 44,
      "SkinIDOffset": 48,
      "DisconnectedOffset": 52,
      "TasksOffset": 56,
      "ImposterOffset": 64,
      "DeadOffset": 65,
      "ObjectOffset": 72
    },
    "WinningPlayerDataStructOffsets": {
      "NameOffset": 16,
      "DeadOffset": 24,
      "ImposterOffset": 25,
      "ColorOffset": 28,
      "SkinOffset": 32,
      "HatOffset": 36,
      "PetOffset": 40,
      "IsYouOffset": 44
    }
  }
}

